country,production[ktons/a],Year,source
AR,430.388,2015,https://www2.bgs.ac.uk/mineralsUK/statistics/wms.cfc?method=listResults&dataType=Production&commodity=3&dateFrom=2015&dateTo=2022&country=&agreeToTsAndCs=agreed
AU,1645.963,2015,https://www2.bgs.ac.uk/mineralsUK/statistics/wms.cfc?method=listResults&dataType=Production&commodity=3&dateFrom=2015&dateTo=2022&country=&agreeToTsAndCs=agreed
AZ,53.303,2015,https://www2.bgs.ac.uk/mineralsUK/statistics/wms.cfc?method=listResults&dataType=Production&commodity=3&dateFrom=2015&dateTo=2022&country=&agreeToTsAndCs=agreed
BH,960.643,2015,https://www2.bgs.ac.uk/mineralsUK/statistics/wms.cfc?method=listResults&dataType=Production&commodity=3&dateFrom=2015&dateTo=2022&country=&agreeToTsAndCs=agreed
BA,118.253,2015,https://www2.bgs.ac.uk/mineralsUK/statistics/wms.cfc?method=listResults&dataType=Production&commodity=3&dateFrom=2015&dateTo=2022&country=&agreeToTsAndCs=agreed
BR,772.2,2015,https://www2.bgs.ac.uk/mineralsUK/statistics/wms.cfc?method=listResults&dataType=Production&commodity=3&dateFrom=2015&dateTo=2022&country=&agreeToTsAndCs=agreed
CM,73.0,2015,https://www2.bgs.ac.uk/mineralsUK/statistics/wms.cfc?method=listResults&dataType=Production&commodity=3&dateFrom=2015&dateTo=2022&country=&agreeToTsAndCs=agreed
CA,2880.035,2015,https://www2.bgs.ac.uk/mineralsUK/statistics/wms.cfc?method=listResults&dataType=Production&commodity=3&dateFrom=2015&dateTo=2022&country=&agreeToTsAndCs=agreed
CN,31518.147,2015,https://www2.bgs.ac.uk/mineralsUK/statistics/wms.cfc?method=listResults&dataType=Production&commodity=3&dateFrom=2015&dateTo=2022&country=&agreeToTsAndCs=agreed
EG,279.365,2015,https://www2.bgs.ac.uk/mineralsUK/statistics/wms.cfc?method=listResults&dataType=Production&commodity=3&dateFrom=2015&dateTo=2022&country=&agreeToTsAndCs=agreed
FR,415.0,2015,https://www2.bgs.ac.uk/mineralsUK/statistics/wms.cfc?method=listResults&dataType=Production&commodity=3&dateFrom=2015&dateTo=2022&country=&agreeToTsAndCs=agreed
DE,541.379,2015,https://www2.bgs.ac.uk/mineralsUK/statistics/wms.cfc?method=listResults&dataType=Production&commodity=3&dateFrom=2015&dateTo=2022&country=&agreeToTsAndCs=agreed
GH,28.519,2015,https://www2.bgs.ac.uk/mineralsUK/statistics/wms.cfc?method=listResults&dataType=Production&commodity=3&dateFrom=2015&dateTo=2022&country=&agreeToTsAndCs=agreed
GR,179.993,2015,https://www2.bgs.ac.uk/mineralsUK/statistics/wms.cfc?method=listResults&dataType=Production&commodity=3&dateFrom=2015&dateTo=2022&country=&agreeToTsAndCs=agreed
IS,724.704,2015,https://www2.bgs.ac.uk/mineralsUK/statistics/wms.cfc?method=listResults&dataType=Production&commodity=3&dateFrom=2015&dateTo=2022&country=&agreeToTsAndCs=agreed
IN,2354.949,2015,https://www2.bgs.ac.uk/mineralsUK/statistics/wms.cfc?method=listResults&dataType=Production&commodity=3&dateFrom=2015&dateTo=2022&country=&agreeToTsAndCs=agreed
ID,257.149,2015,https://www2.bgs.ac.uk/mineralsUK/statistics/wms.cfc?method=listResults&dataType=Production&commodity=3&dateFrom=2015&dateTo=2022&country=&agreeToTsAndCs=agreed
IR,353.232,2015,https://www2.bgs.ac.uk/mineralsUK/statistics/wms.cfc?method=listResults&dataType=Production&commodity=3&dateFrom=2015&dateTo=2022&country=&agreeToTsAndCs=agreed
KZ,219.192,2015,https://www2.bgs.ac.uk/mineralsUK/statistics/wms.cfc?method=listResults&dataType=Production&commodity=3&dateFrom=2015&dateTo=2022&country=&agreeToTsAndCs=agreed
MY,440.0,2015,https://www2.bgs.ac.uk/mineralsUK/statistics/wms.cfc?method=listResults&dataType=Production&commodity=3&dateFrom=2015&dateTo=2022&country=&agreeToTsAndCs=agreed
ME,42.499,2015,https://www2.bgs.ac.uk/mineralsUK/statistics/wms.cfc?method=listResults&dataType=Production&commodity=3&dateFrom=2015&dateTo=2022&country=&agreeToTsAndCs=agreed
MZ,558.386,2015,https://www2.bgs.ac.uk/mineralsUK/statistics/wms.cfc?method=listResults&dataType=Production&commodity=3&dateFrom=2015&dateTo=2022&country=&agreeToTsAndCs=agreed
NL,27.7,2015,https://www2.bgs.ac.uk/mineralsUK/statistics/wms.cfc?method=listResults&dataType=Production&commodity=3&dateFrom=2015&dateTo=2022&country=&agreeToTsAndCs=agreed
NZ,333.0,2015,https://www2.bgs.ac.uk/mineralsUK/statistics/wms.cfc?method=listResults&dataType=Production&commodity=3&dateFrom=2015&dateTo=2022&country=&agreeToTsAndCs=agreed
NO,1224.0,2015,https://www2.bgs.ac.uk/mineralsUK/statistics/wms.cfc?method=listResults&dataType=Production&commodity=3&dateFrom=2015&dateTo=2022&country=&agreeToTsAndCs=agreed
OM,377.0,2015,https://www2.bgs.ac.uk/mineralsUK/statistics/wms.cfc?method=listResults&dataType=Production&commodity=3&dateFrom=2015&dateTo=2022&country=&agreeToTsAndCs=agreed
QA,638.155,2015,https://www2.bgs.ac.uk/mineralsUK/statistics/wms.cfc?method=listResults&dataType=Production&commodity=3&dateFrom=2015&dateTo=2022&country=&agreeToTsAndCs=agreed
RO,271.356,2015,https://www2.bgs.ac.uk/mineralsUK/statistics/wms.cfc?method=listResults&dataType=Production&commodity=3&dateFrom=2015&dateTo=2022&country=&agreeToTsAndCs=agreed
RU,3529.0,2015,https://www2.bgs.ac.uk/mineralsUK/statistics/wms.cfc?method=listResults&dataType=Production&commodity=3&dateFrom=2015&dateTo=2022&country=&agreeToTsAndCs=agreed
SA,839.0,2015,https://www2.bgs.ac.uk/mineralsUK/statistics/wms.cfc?method=listResults&dataType=Production&commodity=3&dateFrom=2015&dateTo=2022&country=&agreeToTsAndCs=agreed
SK,171.328,2015,https://www2.bgs.ac.uk/mineralsUK/statistics/wms.cfc?method=listResults&dataType=Production&commodity=3&dateFrom=2015&dateTo=2022&country=&agreeToTsAndCs=agreed
SI,83.8,2015,https://www2.bgs.ac.uk/mineralsUK/statistics/wms.cfc?method=listResults&dataType=Production&commodity=3&dateFrom=2015&dateTo=2022&country=&agreeToTsAndCs=agreed
ZA,695.0,2015,https://www2.bgs.ac.uk/mineralsUK/statistics/wms.cfc?method=listResults&dataType=Production&commodity=3&dateFrom=2015&dateTo=2022&country=&agreeToTsAndCs=agreed
ES,360.0,2015,https://www2.bgs.ac.uk/mineralsUK/statistics/wms.cfc?method=listResults&dataType=Production&commodity=3&dateFrom=2015&dateTo=2022&country=&agreeToTsAndCs=agreed
SE,116.0,2015,https://www2.bgs.ac.uk/mineralsUK/statistics/wms.cfc?method=listResults&dataType=Production&commodity=3&dateFrom=2015&dateTo=2022&country=&agreeToTsAndCs=agreed
TJ,139.123,2015,https://www2.bgs.ac.uk/mineralsUK/statistics/wms.cfc?method=listResults&dataType=Production&commodity=3&dateFrom=2015&dateTo=2022&country=&agreeToTsAndCs=agreed
TR,60.0,2015,https://www2.bgs.ac.uk/mineralsUK/statistics/wms.cfc?method=listResults&dataType=Production&commodity=3&dateFrom=2015&dateTo=2022&country=&agreeToTsAndCs=agreed
US,1586.5,2015,https://www2.bgs.ac.uk/mineralsUK/statistics/wms.cfc?method=listResults&dataType=Production&commodity=3&dateFrom=2015&dateTo=2022&country=&agreeToTsAndCs=agreed
AE,2397.0,2015,https://www2.bgs.ac.uk/mineralsUK/statistics/wms.cfc?method=listResults&dataType=Production&commodity=3&dateFrom=2015&dateTo=2022&country=&agreeToTsAndCs=agreed
GB,47.0,2015,https://www2.bgs.ac.uk/mineralsUK/statistics/wms.cfc?method=listResults&dataType=Production&commodity=3&dateFrom=2015&dateTo=2022&country=&agreeToTsAndCs=agreed
VE,125.537,2015,https://www2.bgs.ac.uk/mineralsUK/statistics/wms.cfc?method=listResults&dataType=Production&commodity=3&dateFrom=2015&dateTo=2022&country=&agreeToTsAndCs=agreed
AR,424.996,2016,https://www2.bgs.ac.uk/mineralsUK/statistics/wms.cfc?method=listResults&dataType=Production&commodity=3&dateFrom=2015&dateTo=2022&country=&agreeToTsAndCs=agreed
AU,1633.904,2016,https://www2.bgs.ac.uk/mineralsUK/statistics/wms.cfc?method=listResults&dataType=Production&commodity=3&dateFrom=2015&dateTo=2022&country=&agreeToTsAndCs=agreed
AZ,36.811,2016,https://www2.bgs.ac.uk/mineralsUK/statistics/wms.cfc?method=listResults&dataType=Production&commodity=3&dateFrom=2015&dateTo=2022&country=&agreeToTsAndCs=agreed
BH,971.42,2016,https://www2.bgs.ac.uk/mineralsUK/statistics/wms.cfc?method=listResults&dataType=Production&commodity=3&dateFrom=2015&dateTo=2022&country=&agreeToTsAndCs=agreed
BA,106.649,2016,https://www2.bgs.ac.uk/mineralsUK/statistics/wms.cfc?method=listResults&dataType=Production&commodity=3&dateFrom=2015&dateTo=2022&country=&agreeToTsAndCs=agreed
BR,793.0,2016,https://www2.bgs.ac.uk/mineralsUK/statistics/wms.cfc?method=listResults&dataType=Production&commodity=3&dateFrom=2015&dateTo=2022&country=&agreeToTsAndCs=agreed
CM,74.0,2016,https://www2.bgs.ac.uk/mineralsUK/statistics/wms.cfc?method=listResults&dataType=Production&commodity=3&dateFrom=2015&dateTo=2022&country=&agreeToTsAndCs=agreed
CA,3208.707,2016,https://www2.bgs.ac.uk/mineralsUK/statistics/wms.cfc?method=listResults&dataType=Production&commodity=3&dateFrom=2015&dateTo=2022&country=&agreeToTsAndCs=agreed
CN,32698.082,2016,https://www2.bgs.ac.uk/mineralsUK/statistics/wms.cfc?method=listResults&dataType=Production&commodity=3&dateFrom=2015&dateTo=2022&country=&agreeToTsAndCs=agreed
EG,355.0,2016,https://www2.bgs.ac.uk/mineralsUK/statistics/wms.cfc?method=listResults&dataType=Production&commodity=3&dateFrom=2015&dateTo=2022&country=&agreeToTsAndCs=agreed
FR,424.6,2016,https://www2.bgs.ac.uk/mineralsUK/statistics/wms.cfc?method=listResults&dataType=Production&commodity=3&dateFrom=2015&dateTo=2022&country=&agreeToTsAndCs=agreed
DE,546.806,2016,https://www2.bgs.ac.uk/mineralsUK/statistics/wms.cfc?method=listResults&dataType=Production&commodity=3&dateFrom=2015&dateTo=2022&country=&agreeToTsAndCs=agreed
GH,33.01,2016,https://www2.bgs.ac.uk/mineralsUK/statistics/wms.cfc?method=listResults&dataType=Production&commodity=3&dateFrom=2015&dateTo=2022&country=&agreeToTsAndCs=agreed
GR,181.189,2016,https://www2.bgs.ac.uk/mineralsUK/statistics/wms.cfc?method=listResults&dataType=Production&commodity=3&dateFrom=2015&dateTo=2022&country=&agreeToTsAndCs=agreed
IS,700.08,2016,https://www2.bgs.ac.uk/mineralsUK/statistics/wms.cfc?method=listResults&dataType=Production&commodity=3&dateFrom=2015&dateTo=2022&country=&agreeToTsAndCs=agreed
IN,2896.629,2016,https://www2.bgs.ac.uk/mineralsUK/statistics/wms.cfc?method=listResults&dataType=Production&commodity=3&dateFrom=2015&dateTo=2022&country=&agreeToTsAndCs=agreed
ID,245.483,2016,https://www2.bgs.ac.uk/mineralsUK/statistics/wms.cfc?method=listResults&dataType=Production&commodity=3&dateFrom=2015&dateTo=2022&country=&agreeToTsAndCs=agreed
IR,341.207,2016,https://www2.bgs.ac.uk/mineralsUK/statistics/wms.cfc?method=listResults&dataType=Production&commodity=3&dateFrom=2015&dateTo=2022&country=&agreeToTsAndCs=agreed
KZ,240.171,2016,https://www2.bgs.ac.uk/mineralsUK/statistics/wms.cfc?method=listResults&dataType=Production&commodity=3&dateFrom=2015&dateTo=2022&country=&agreeToTsAndCs=agreed
MY,620.0,2016,https://www2.bgs.ac.uk/mineralsUK/statistics/wms.cfc?method=listResults&dataType=Production&commodity=3&dateFrom=2015&dateTo=2022&country=&agreeToTsAndCs=agreed
ME,38.915,2016,https://www2.bgs.ac.uk/mineralsUK/statistics/wms.cfc?method=listResults&dataType=Production&commodity=3&dateFrom=2015&dateTo=2022&country=&agreeToTsAndCs=agreed
MZ,571.125,2016,https://www2.bgs.ac.uk/mineralsUK/statistics/wms.cfc?method=listResults&dataType=Production&commodity=3&dateFrom=2015&dateTo=2022&country=&agreeToTsAndCs=agreed
NL,36.3,2016,https://www2.bgs.ac.uk/mineralsUK/statistics/wms.cfc?method=listResults&dataType=Production&commodity=3&dateFrom=2015&dateTo=2022&country=&agreeToTsAndCs=agreed
NZ,339.0,2016,https://www2.bgs.ac.uk/mineralsUK/statistics/wms.cfc?method=listResults&dataType=Production&commodity=3&dateFrom=2015&dateTo=2022&country=&agreeToTsAndCs=agreed
NO,1247.0,2016,https://www2.bgs.ac.uk/mineralsUK/statistics/wms.cfc?method=listResults&dataType=Production&commodity=3&dateFrom=2015&dateTo=2022&country=&agreeToTsAndCs=agreed
OM,386.0,2016,https://www2.bgs.ac.uk/mineralsUK/statistics/wms.cfc?method=listResults&dataType=Production&commodity=3&dateFrom=2015&dateTo=2022&country=&agreeToTsAndCs=agreed
QA,643.514,2016,https://www2.bgs.ac.uk/mineralsUK/statistics/wms.cfc?method=listResults&dataType=Production&commodity=3&dateFrom=2015&dateTo=2022&country=&agreeToTsAndCs=agreed
RO,272.507,2016,https://www2.bgs.ac.uk/mineralsUK/statistics/wms.cfc?method=listResults&dataType=Production&commodity=3&dateFrom=2015&dateTo=2022&country=&agreeToTsAndCs=agreed
RU,3561.0,2016,https://www2.bgs.ac.uk/mineralsUK/statistics/wms.cfc?method=listResults&dataType=Production&commodity=3&dateFrom=2015&dateTo=2022&country=&agreeToTsAndCs=agreed
SA,871.0,2016,https://www2.bgs.ac.uk/mineralsUK/statistics/wms.cfc?method=listResults&dataType=Production&commodity=3&dateFrom=2015&dateTo=2022&country=&agreeToTsAndCs=agreed
SK,173.6,2016,https://www2.bgs.ac.uk/mineralsUK/statistics/wms.cfc?method=listResults&dataType=Production&commodity=3&dateFrom=2015&dateTo=2022&country=&agreeToTsAndCs=agreed
SI,84.365,2016,https://www2.bgs.ac.uk/mineralsUK/statistics/wms.cfc?method=listResults&dataType=Production&commodity=3&dateFrom=2015&dateTo=2022&country=&agreeToTsAndCs=agreed
ZA,701.0,2016,https://www2.bgs.ac.uk/mineralsUK/statistics/wms.cfc?method=listResults&dataType=Production&commodity=3&dateFrom=2015&dateTo=2022&country=&agreeToTsAndCs=agreed
ES,360.0,2016,https://www2.bgs.ac.uk/mineralsUK/statistics/wms.cfc?method=listResults&dataType=Production&commodity=3&dateFrom=2015&dateTo=2022&country=&agreeToTsAndCs=agreed
SE,124.0,2016,https://www2.bgs.ac.uk/mineralsUK/statistics/wms.cfc?method=listResults&dataType=Production&commodity=3&dateFrom=2015&dateTo=2022&country=&agreeToTsAndCs=agreed
TJ,129.3,2016,https://www2.bgs.ac.uk/mineralsUK/statistics/wms.cfc?method=listResults&dataType=Production&commodity=3&dateFrom=2015&dateTo=2022&country=&agreeToTsAndCs=agreed
TR,79.0,2016,https://www2.bgs.ac.uk/mineralsUK/statistics/wms.cfc?method=listResults&dataType=Production&commodity=3&dateFrom=2015&dateTo=2022&country=&agreeToTsAndCs=agreed
US,818.43,2016,https://www2.bgs.ac.uk/mineralsUK/statistics/wms.cfc?method=listResults&dataType=Production&commodity=3&dateFrom=2015&dateTo=2022&country=&agreeToTsAndCs=agreed
AE,2471.0,2016,https://www2.bgs.ac.uk/mineralsUK/statistics/wms.cfc?method=listResults&dataType=Production&commodity=3&dateFrom=2015&dateTo=2022&country=&agreeToTsAndCs=agreed
GB,46.0,2016,https://www2.bgs.ac.uk/mineralsUK/statistics/wms.cfc?method=listResults&dataType=Production&commodity=3&dateFrom=2015&dateTo=2022&country=&agreeToTsAndCs=agreed
VE,147.0,2016,https://www2.bgs.ac.uk/mineralsUK/statistics/wms.cfc?method=listResults&dataType=Production&commodity=3&dateFrom=2015&dateTo=2022&country=&agreeToTsAndCs=agreed
AR,431.239,2017,https://www2.bgs.ac.uk/mineralsUK/statistics/wms.cfc?method=listResults&dataType=Production&commodity=3&dateFrom=2015&dateTo=2022&country=&agreeToTsAndCs=agreed
AU,1487.555,2017,https://www2.bgs.ac.uk/mineralsUK/statistics/wms.cfc?method=listResults&dataType=Production&commodity=3&dateFrom=2015&dateTo=2022&country=&agreeToTsAndCs=agreed
AZ,25.983,2017,https://www2.bgs.ac.uk/mineralsUK/statistics/wms.cfc?method=listResults&dataType=Production&commodity=3&dateFrom=2015&dateTo=2022&country=&agreeToTsAndCs=agreed
BH,981.016,2017,https://www2.bgs.ac.uk/mineralsUK/statistics/wms.cfc?method=listResults&dataType=Production&commodity=3&dateFrom=2015&dateTo=2022&country=&agreeToTsAndCs=agreed
BA,125.536,2017,https://www2.bgs.ac.uk/mineralsUK/statistics/wms.cfc?method=listResults&dataType=Production&commodity=3&dateFrom=2015&dateTo=2022&country=&agreeToTsAndCs=agreed
BR,801.7,2017,https://www2.bgs.ac.uk/mineralsUK/statistics/wms.cfc?method=listResults&dataType=Production&commodity=3&dateFrom=2015&dateTo=2022&country=&agreeToTsAndCs=agreed
CM,80.6,2017,https://www2.bgs.ac.uk/mineralsUK/statistics/wms.cfc?method=listResults&dataType=Production&commodity=3&dateFrom=2015&dateTo=2022&country=&agreeToTsAndCs=agreed
CA,3211.882,2017,https://www2.bgs.ac.uk/mineralsUK/statistics/wms.cfc?method=listResults&dataType=Production&commodity=3&dateFrom=2015&dateTo=2022&country=&agreeToTsAndCs=agreed
CN,35189.1,2017,https://www2.bgs.ac.uk/mineralsUK/statistics/wms.cfc?method=listResults&dataType=Production&commodity=3&dateFrom=2015&dateTo=2022&country=&agreeToTsAndCs=agreed
EG,298.0,2017,https://www2.bgs.ac.uk/mineralsUK/statistics/wms.cfc?method=listResults&dataType=Production&commodity=3&dateFrom=2015&dateTo=2022&country=&agreeToTsAndCs=agreed
FR,430.0,2017,https://www2.bgs.ac.uk/mineralsUK/statistics/wms.cfc?method=listResults&dataType=Production&commodity=3&dateFrom=2015&dateTo=2022&country=&agreeToTsAndCs=agreed
DE,549.995,2017,https://www2.bgs.ac.uk/mineralsUK/statistics/wms.cfc?method=listResults&dataType=Production&commodity=3&dateFrom=2015&dateTo=2022&country=&agreeToTsAndCs=agreed
GH,33.364,2017,https://www2.bgs.ac.uk/mineralsUK/statistics/wms.cfc?method=listResults&dataType=Production&commodity=3&dateFrom=2015&dateTo=2022&country=&agreeToTsAndCs=agreed
GR,181.63,2017,https://www2.bgs.ac.uk/mineralsUK/statistics/wms.cfc?method=listResults&dataType=Production&commodity=3&dateFrom=2015&dateTo=2022&country=&agreeToTsAndCs=agreed
IS,763.618,2017,https://www2.bgs.ac.uk/mineralsUK/statistics/wms.cfc?method=listResults&dataType=Production&commodity=3&dateFrom=2015&dateTo=2022&country=&agreeToTsAndCs=agreed
IN,3400.618,2017,https://www2.bgs.ac.uk/mineralsUK/statistics/wms.cfc?method=listResults&dataType=Production&commodity=3&dateFrom=2015&dateTo=2022&country=&agreeToTsAndCs=agreed
ID,218.816,2017,https://www2.bgs.ac.uk/mineralsUK/statistics/wms.cfc?method=listResults&dataType=Production&commodity=3&dateFrom=2015&dateTo=2022&country=&agreeToTsAndCs=agreed
IR,337.608,2017,https://www2.bgs.ac.uk/mineralsUK/statistics/wms.cfc?method=listResults&dataType=Production&commodity=3&dateFrom=2015&dateTo=2022&country=&agreeToTsAndCs=agreed
KZ,255.09,2017,https://www2.bgs.ac.uk/mineralsUK/statistics/wms.cfc?method=listResults&dataType=Production&commodity=3&dateFrom=2015&dateTo=2022&country=&agreeToTsAndCs=agreed
MY,760.0,2017,https://www2.bgs.ac.uk/mineralsUK/statistics/wms.cfc?method=listResults&dataType=Production&commodity=3&dateFrom=2015&dateTo=2022&country=&agreeToTsAndCs=agreed
ME,39.379,2017,https://www2.bgs.ac.uk/mineralsUK/statistics/wms.cfc?method=listResults&dataType=Production&commodity=3&dateFrom=2015&dateTo=2022&country=&agreeToTsAndCs=agreed
MZ,577.495,2017,https://www2.bgs.ac.uk/mineralsUK/statistics/wms.cfc?method=listResults&dataType=Production&commodity=3&dateFrom=2015&dateTo=2022&country=&agreeToTsAndCs=agreed
NL,29.3,2017,https://www2.bgs.ac.uk/mineralsUK/statistics/wms.cfc?method=listResults&dataType=Production&commodity=3&dateFrom=2015&dateTo=2022&country=&agreeToTsAndCs=agreed
NZ,337.0,2017,https://www2.bgs.ac.uk/mineralsUK/statistics/wms.cfc?method=listResults&dataType=Production&commodity=3&dateFrom=2015&dateTo=2022&country=&agreeToTsAndCs=agreed
NO,1253.0,2017,https://www2.bgs.ac.uk/mineralsUK/statistics/wms.cfc?method=listResults&dataType=Production&commodity=3&dateFrom=2015&dateTo=2022&country=&agreeToTsAndCs=agreed
OM,253.0,2017,https://www2.bgs.ac.uk/mineralsUK/statistics/wms.cfc?method=listResults&dataType=Production&commodity=3&dateFrom=2015&dateTo=2022&country=&agreeToTsAndCs=agreed
QA,650.0,2017,https://www2.bgs.ac.uk/mineralsUK/statistics/wms.cfc?method=listResults&dataType=Production&commodity=3&dateFrom=2015&dateTo=2022&country=&agreeToTsAndCs=agreed
RO,282.074,2017,https://www2.bgs.ac.uk/mineralsUK/statistics/wms.cfc?method=listResults&dataType=Production&commodity=3&dateFrom=2015&dateTo=2022&country=&agreeToTsAndCs=agreed
RU,3584.0,2017,https://www2.bgs.ac.uk/mineralsUK/statistics/wms.cfc?method=listResults&dataType=Production&commodity=3&dateFrom=2015&dateTo=2022&country=&agreeToTsAndCs=agreed
SA,916.0,2017,https://www2.bgs.ac.uk/mineralsUK/statistics/wms.cfc?method=listResults&dataType=Production&commodity=3&dateFrom=2015&dateTo=2022&country=&agreeToTsAndCs=agreed
SK,173.5,2017,https://www2.bgs.ac.uk/mineralsUK/statistics/wms.cfc?method=listResults&dataType=Production&commodity=3&dateFrom=2015&dateTo=2022&country=&agreeToTsAndCs=agreed
SI,84.424,2017,https://www2.bgs.ac.uk/mineralsUK/statistics/wms.cfc?method=listResults&dataType=Production&commodity=3&dateFrom=2015&dateTo=2022&country=&agreeToTsAndCs=agreed
ZA,716.0,2017,https://www2.bgs.ac.uk/mineralsUK/statistics/wms.cfc?method=listResults&dataType=Production&commodity=3&dateFrom=2015&dateTo=2022&country=&agreeToTsAndCs=agreed
ES,360.0,2017,https://www2.bgs.ac.uk/mineralsUK/statistics/wms.cfc?method=listResults&dataType=Production&commodity=3&dateFrom=2015&dateTo=2022&country=&agreeToTsAndCs=agreed
SE,123.0,2017,https://www2.bgs.ac.uk/mineralsUK/statistics/wms.cfc?method=listResults&dataType=Production&commodity=3&dateFrom=2015&dateTo=2022&country=&agreeToTsAndCs=agreed
TJ,103.1,2017,https://www2.bgs.ac.uk/mineralsUK/statistics/wms.cfc?method=listResults&dataType=Production&commodity=3&dateFrom=2015&dateTo=2022&country=&agreeToTsAndCs=agreed
TR,76.0,2017,https://www2.bgs.ac.uk/mineralsUK/statistics/wms.cfc?method=listResults&dataType=Production&commodity=3&dateFrom=2015&dateTo=2022&country=&agreeToTsAndCs=agreed
US,740.884,2017,https://www2.bgs.ac.uk/mineralsUK/statistics/wms.cfc?method=listResults&dataType=Production&commodity=3&dateFrom=2015&dateTo=2022&country=&agreeToTsAndCs=agreed
AE,2600.0,2017,https://www2.bgs.ac.uk/mineralsUK/statistics/wms.cfc?method=listResults&dataType=Production&commodity=3&dateFrom=2015&dateTo=2022&country=&agreeToTsAndCs=agreed
GB,48.0,2017,https://www2.bgs.ac.uk/mineralsUK/statistics/wms.cfc?method=listResults&dataType=Production&commodity=3&dateFrom=2015&dateTo=2022&country=&agreeToTsAndCs=agreed
VE,136.0,2017,https://www2.bgs.ac.uk/mineralsUK/statistics/wms.cfc?method=listResults&dataType=Production&commodity=3&dateFrom=2015&dateTo=2022&country=&agreeToTsAndCs=agreed
AR,439.6,2018,https://www2.bgs.ac.uk/mineralsUK/statistics/wms.cfc?method=listResults&dataType=Production&commodity=3&dateFrom=2015&dateTo=2022&country=&agreeToTsAndCs=agreed
AU,1574.24,2018,https://www2.bgs.ac.uk/mineralsUK/statistics/wms.cfc?method=listResults&dataType=Production&commodity=3&dateFrom=2015&dateTo=2022&country=&agreeToTsAndCs=agreed
AZ,44.71,2018,https://www2.bgs.ac.uk/mineralsUK/statistics/wms.cfc?method=listResults&dataType=Production&commodity=3&dateFrom=2015&dateTo=2022&country=&agreeToTsAndCs=agreed
BH,1011.101,2018,https://www2.bgs.ac.uk/mineralsUK/statistics/wms.cfc?method=listResults&dataType=Production&commodity=3&dateFrom=2015&dateTo=2022&country=&agreeToTsAndCs=agreed
BA,131.508,2018,https://www2.bgs.ac.uk/mineralsUK/statistics/wms.cfc?method=listResults&dataType=Production&commodity=3&dateFrom=2015&dateTo=2022&country=&agreeToTsAndCs=agreed
BR,659.0,2018,https://www2.bgs.ac.uk/mineralsUK/statistics/wms.cfc?method=listResults&dataType=Production&commodity=3&dateFrom=2015&dateTo=2022&country=&agreeToTsAndCs=agreed
CM,85.8,2018,https://www2.bgs.ac.uk/mineralsUK/statistics/wms.cfc?method=listResults&dataType=Production&commodity=3&dateFrom=2015&dateTo=2022&country=&agreeToTsAndCs=agreed
CA,2923.204,2018,https://www2.bgs.ac.uk/mineralsUK/statistics/wms.cfc?method=listResults&dataType=Production&commodity=3&dateFrom=2015&dateTo=2022&country=&agreeToTsAndCs=agreed
CN,36447.29,2018,https://www2.bgs.ac.uk/mineralsUK/statistics/wms.cfc?method=listResults&dataType=Production&commodity=3&dateFrom=2015&dateTo=2022&country=&agreeToTsAndCs=agreed
EG,317.0,2018,https://www2.bgs.ac.uk/mineralsUK/statistics/wms.cfc?method=listResults&dataType=Production&commodity=3&dateFrom=2015&dateTo=2022&country=&agreeToTsAndCs=agreed
FR,380.0,2018,https://www2.bgs.ac.uk/mineralsUK/statistics/wms.cfc?method=listResults&dataType=Production&commodity=3&dateFrom=2015&dateTo=2022&country=&agreeToTsAndCs=agreed
DE,528.868,2018,https://www2.bgs.ac.uk/mineralsUK/statistics/wms.cfc?method=listResults&dataType=Production&commodity=3&dateFrom=2015&dateTo=2022&country=&agreeToTsAndCs=agreed
GH,42.867,2018,https://www2.bgs.ac.uk/mineralsUK/statistics/wms.cfc?method=listResults&dataType=Production&commodity=3&dateFrom=2015&dateTo=2022&country=&agreeToTsAndCs=agreed
GR,184.8,2018,https://www2.bgs.ac.uk/mineralsUK/statistics/wms.cfc?method=listResults&dataType=Production&commodity=3&dateFrom=2015&dateTo=2022&country=&agreeToTsAndCs=agreed
IS,733.523,2018,https://www2.bgs.ac.uk/mineralsUK/statistics/wms.cfc?method=listResults&dataType=Production&commodity=3&dateFrom=2015&dateTo=2022&country=&agreeToTsAndCs=agreed
IN,3696.181,2018,https://www2.bgs.ac.uk/mineralsUK/statistics/wms.cfc?method=listResults&dataType=Production&commodity=3&dateFrom=2015&dateTo=2022&country=&agreeToTsAndCs=agreed
ID,242.043,2018,https://www2.bgs.ac.uk/mineralsUK/statistics/wms.cfc?method=listResults&dataType=Production&commodity=3&dateFrom=2015&dateTo=2022&country=&agreeToTsAndCs=agreed
IR,301.033,2018,https://www2.bgs.ac.uk/mineralsUK/statistics/wms.cfc?method=listResults&dataType=Production&commodity=3&dateFrom=2015&dateTo=2022&country=&agreeToTsAndCs=agreed
KZ,258.4,2018,https://www2.bgs.ac.uk/mineralsUK/statistics/wms.cfc?method=listResults&dataType=Production&commodity=3&dateFrom=2015&dateTo=2022&country=&agreeToTsAndCs=agreed
MY,760.0,2018,https://www2.bgs.ac.uk/mineralsUK/statistics/wms.cfc?method=listResults&dataType=Production&commodity=3&dateFrom=2015&dateTo=2022&country=&agreeToTsAndCs=agreed
ME,40.163,2018,https://www2.bgs.ac.uk/mineralsUK/statistics/wms.cfc?method=listResults&dataType=Production&commodity=3&dateFrom=2015&dateTo=2022&country=&agreeToTsAndCs=agreed
MZ,571.125,2018,https://www2.bgs.ac.uk/mineralsUK/statistics/wms.cfc?method=listResults&dataType=Production&commodity=3&dateFrom=2015&dateTo=2022&country=&agreeToTsAndCs=agreed
NL,41.3,2018,https://www2.bgs.ac.uk/mineralsUK/statistics/wms.cfc?method=listResults&dataType=Production&commodity=3&dateFrom=2015&dateTo=2022&country=&agreeToTsAndCs=agreed
NZ,340.111,2018,https://www2.bgs.ac.uk/mineralsUK/statistics/wms.cfc?method=listResults&dataType=Production&commodity=3&dateFrom=2015&dateTo=2022&country=&agreeToTsAndCs=agreed
NO,1295.0,2018,https://www2.bgs.ac.uk/mineralsUK/statistics/wms.cfc?method=listResults&dataType=Production&commodity=3&dateFrom=2015&dateTo=2022&country=&agreeToTsAndCs=agreed
OM,380.0,2018,https://www2.bgs.ac.uk/mineralsUK/statistics/wms.cfc?method=listResults&dataType=Production&commodity=3&dateFrom=2015&dateTo=2022&country=&agreeToTsAndCs=agreed
QA,616.0,2018,https://www2.bgs.ac.uk/mineralsUK/statistics/wms.cfc?method=listResults&dataType=Production&commodity=3&dateFrom=2015&dateTo=2022&country=&agreeToTsAndCs=agreed
RO,282.81,2018,https://www2.bgs.ac.uk/mineralsUK/statistics/wms.cfc?method=listResults&dataType=Production&commodity=3&dateFrom=2015&dateTo=2022&country=&agreeToTsAndCs=agreed
RU,3627.0,2018,https://www2.bgs.ac.uk/mineralsUK/statistics/wms.cfc?method=listResults&dataType=Production&commodity=3&dateFrom=2015&dateTo=2022&country=&agreeToTsAndCs=agreed
SA,932.0,2018,https://www2.bgs.ac.uk/mineralsUK/statistics/wms.cfc?method=listResults&dataType=Production&commodity=3&dateFrom=2015&dateTo=2022&country=&agreeToTsAndCs=agreed
SK,173.7,2018,https://www2.bgs.ac.uk/mineralsUK/statistics/wms.cfc?method=listResults&dataType=Production&commodity=3&dateFrom=2015&dateTo=2022&country=&agreeToTsAndCs=agreed
SI,80.544,2018,https://www2.bgs.ac.uk/mineralsUK/statistics/wms.cfc?method=listResults&dataType=Production&commodity=3&dateFrom=2015&dateTo=2022&country=&agreeToTsAndCs=agreed
ZA,714.0,2018,https://www2.bgs.ac.uk/mineralsUK/statistics/wms.cfc?method=listResults&dataType=Production&commodity=3&dateFrom=2015&dateTo=2022&country=&agreeToTsAndCs=agreed
ES,350.0,2018,https://www2.bgs.ac.uk/mineralsUK/statistics/wms.cfc?method=listResults&dataType=Production&commodity=3&dateFrom=2015&dateTo=2022&country=&agreeToTsAndCs=agreed
SE,125.0,2018,https://www2.bgs.ac.uk/mineralsUK/statistics/wms.cfc?method=listResults&dataType=Production&commodity=3&dateFrom=2015&dateTo=2022&country=&agreeToTsAndCs=agreed
TJ,95.796,2018,https://www2.bgs.ac.uk/mineralsUK/statistics/wms.cfc?method=listResults&dataType=Production&commodity=3&dateFrom=2015&dateTo=2022&country=&agreeToTsAndCs=agreed
TR,73.3,2018,https://www2.bgs.ac.uk/mineralsUK/statistics/wms.cfc?method=listResults&dataType=Production&commodity=3&dateFrom=2015&dateTo=2022&country=&agreeToTsAndCs=agreed
US,898.652,2018,https://www2.bgs.ac.uk/mineralsUK/statistics/wms.cfc?method=listResults&dataType=Production&commodity=3&dateFrom=2015&dateTo=2022&country=&agreeToTsAndCs=agreed
AE,2640.0,2018,https://www2.bgs.ac.uk/mineralsUK/statistics/wms.cfc?method=listResults&dataType=Production&commodity=3&dateFrom=2015&dateTo=2022&country=&agreeToTsAndCs=agreed
GB,44.4,2018,https://www2.bgs.ac.uk/mineralsUK/statistics/wms.cfc?method=listResults&dataType=Production&commodity=3&dateFrom=2015&dateTo=2022&country=&agreeToTsAndCs=agreed
VE,64.7,2018,https://www2.bgs.ac.uk/mineralsUK/statistics/wms.cfc?method=listResults&dataType=Production&commodity=3&dateFrom=2015&dateTo=2022&country=&agreeToTsAndCs=agreed
AR,438.434,2019,https://www2.bgs.ac.uk/mineralsUK/statistics/wms.cfc?method=listResults&dataType=Production&commodity=3&dateFrom=2015&dateTo=2022&country=&agreeToTsAndCs=agreed
AU,1569.591,2019,https://www2.bgs.ac.uk/mineralsUK/statistics/wms.cfc?method=listResults&dataType=Production&commodity=3&dateFrom=2015&dateTo=2022&country=&agreeToTsAndCs=agreed
AZ,32.693,2019,https://www2.bgs.ac.uk/mineralsUK/statistics/wms.cfc?method=listResults&dataType=Production&commodity=3&dateFrom=2015&dateTo=2022&country=&agreeToTsAndCs=agreed
BH,1365.005,2019,https://www2.bgs.ac.uk/mineralsUK/statistics/wms.cfc?method=listResults&dataType=Production&commodity=3&dateFrom=2015&dateTo=2022&country=&agreeToTsAndCs=agreed
BA,67.69,2019,https://www2.bgs.ac.uk/mineralsUK/statistics/wms.cfc?method=listResults&dataType=Production&commodity=3&dateFrom=2015&dateTo=2022&country=&agreeToTsAndCs=agreed
BR,650.2,2019,https://www2.bgs.ac.uk/mineralsUK/statistics/wms.cfc?method=listResults&dataType=Production&commodity=3&dateFrom=2015&dateTo=2022&country=&agreeToTsAndCs=agreed
CM,68.9,2019,https://www2.bgs.ac.uk/mineralsUK/statistics/wms.cfc?method=listResults&dataType=Production&commodity=3&dateFrom=2015&dateTo=2022&country=&agreeToTsAndCs=agreed
CA,2853.771,2019,https://www2.bgs.ac.uk/mineralsUK/statistics/wms.cfc?method=listResults&dataType=Production&commodity=3&dateFrom=2015&dateTo=2022&country=&agreeToTsAndCs=agreed
CN,35043.604,2019,https://www2.bgs.ac.uk/mineralsUK/statistics/wms.cfc?method=listResults&dataType=Production&commodity=3&dateFrom=2015&dateTo=2022&country=&agreeToTsAndCs=agreed
EG,256.0,2019,https://www2.bgs.ac.uk/mineralsUK/statistics/wms.cfc?method=listResults&dataType=Production&commodity=3&dateFrom=2015&dateTo=2022&country=&agreeToTsAndCs=agreed
FR,402.0,2019,https://www2.bgs.ac.uk/mineralsUK/statistics/wms.cfc?method=listResults&dataType=Production&commodity=3&dateFrom=2015&dateTo=2022&country=&agreeToTsAndCs=agreed
DE,507.934,2019,https://www2.bgs.ac.uk/mineralsUK/statistics/wms.cfc?method=listResults&dataType=Production&commodity=3&dateFrom=2015&dateTo=2022&country=&agreeToTsAndCs=agreed
GH,43.908,2019,https://www2.bgs.ac.uk/mineralsUK/statistics/wms.cfc?method=listResults&dataType=Production&commodity=3&dateFrom=2015&dateTo=2022&country=&agreeToTsAndCs=agreed
GR,182.1,2019,https://www2.bgs.ac.uk/mineralsUK/statistics/wms.cfc?method=listResults&dataType=Production&commodity=3&dateFrom=2015&dateTo=2022&country=&agreeToTsAndCs=agreed
IS,689.995,2019,https://www2.bgs.ac.uk/mineralsUK/statistics/wms.cfc?method=listResults&dataType=Production&commodity=3&dateFrom=2015&dateTo=2022&country=&agreeToTsAndCs=agreed
IN,3635.089,2019,https://www2.bgs.ac.uk/mineralsUK/statistics/wms.cfc?method=listResults&dataType=Production&commodity=3&dateFrom=2015&dateTo=2022&country=&agreeToTsAndCs=agreed
ID,250.393,2019,https://www2.bgs.ac.uk/mineralsUK/statistics/wms.cfc?method=listResults&dataType=Production&commodity=3&dateFrom=2015&dateTo=2022&country=&agreeToTsAndCs=agreed
IR,275.717,2019,https://www2.bgs.ac.uk/mineralsUK/statistics/wms.cfc?method=listResults&dataType=Production&commodity=3&dateFrom=2015&dateTo=2022&country=&agreeToTsAndCs=agreed
KZ,264.9,2019,https://www2.bgs.ac.uk/mineralsUK/statistics/wms.cfc?method=listResults&dataType=Production&commodity=3&dateFrom=2015&dateTo=2022&country=&agreeToTsAndCs=agreed
MY,800.0,2019,https://www2.bgs.ac.uk/mineralsUK/statistics/wms.cfc?method=listResults&dataType=Production&commodity=3&dateFrom=2015&dateTo=2022&country=&agreeToTsAndCs=agreed
ME,36.522,2019,https://www2.bgs.ac.uk/mineralsUK/statistics/wms.cfc?method=listResults&dataType=Production&commodity=3&dateFrom=2015&dateTo=2022&country=&agreeToTsAndCs=agreed
MZ,569.002,2019,https://www2.bgs.ac.uk/mineralsUK/statistics/wms.cfc?method=listResults&dataType=Production&commodity=3&dateFrom=2015&dateTo=2022&country=&agreeToTsAndCs=agreed
NL,81.1,2019,https://www2.bgs.ac.uk/mineralsUK/statistics/wms.cfc?method=listResults&dataType=Production&commodity=3&dateFrom=2015&dateTo=2022&country=&agreeToTsAndCs=agreed
NZ,353.293,2019,https://www2.bgs.ac.uk/mineralsUK/statistics/wms.cfc?method=listResults&dataType=Production&commodity=3&dateFrom=2015&dateTo=2022&country=&agreeToTsAndCs=agreed
NO,1312.0,2019,https://www2.bgs.ac.uk/mineralsUK/statistics/wms.cfc?method=listResults&dataType=Production&commodity=3&dateFrom=2015&dateTo=2022&country=&agreeToTsAndCs=agreed
OM,391.0,2019,https://www2.bgs.ac.uk/mineralsUK/statistics/wms.cfc?method=listResults&dataType=Production&commodity=3&dateFrom=2015&dateTo=2022&country=&agreeToTsAndCs=agreed
QA,653.0,2019,https://www2.bgs.ac.uk/mineralsUK/statistics/wms.cfc?method=listResults&dataType=Production&commodity=3&dateFrom=2015&dateTo=2022&country=&agreeToTsAndCs=agreed
RO,280.326,2019,https://www2.bgs.ac.uk/mineralsUK/statistics/wms.cfc?method=listResults&dataType=Production&commodity=3&dateFrom=2015&dateTo=2022&country=&agreeToTsAndCs=agreed
RU,3637.0,2019,https://www2.bgs.ac.uk/mineralsUK/statistics/wms.cfc?method=listResults&dataType=Production&commodity=3&dateFrom=2015&dateTo=2022&country=&agreeToTsAndCs=agreed
SA,775.6,2019,https://www2.bgs.ac.uk/mineralsUK/statistics/wms.cfc?method=listResults&dataType=Production&commodity=3&dateFrom=2015&dateTo=2022&country=&agreeToTsAndCs=agreed
SK,174.794,2019,https://www2.bgs.ac.uk/mineralsUK/statistics/wms.cfc?method=listResults&dataType=Production&commodity=3&dateFrom=2015&dateTo=2022&country=&agreeToTsAndCs=agreed
SI,68.255,2019,https://www2.bgs.ac.uk/mineralsUK/statistics/wms.cfc?method=listResults&dataType=Production&commodity=3&dateFrom=2015&dateTo=2022&country=&agreeToTsAndCs=agreed
ZA,717.0,2019,https://www2.bgs.ac.uk/mineralsUK/statistics/wms.cfc?method=listResults&dataType=Production&commodity=3&dateFrom=2015&dateTo=2022&country=&agreeToTsAndCs=agreed
ES,220.0,2019,https://www2.bgs.ac.uk/mineralsUK/statistics/wms.cfc?method=listResults&dataType=Production&commodity=3&dateFrom=2015&dateTo=2022&country=&agreeToTsAndCs=agreed
SE,120.0,2019,https://www2.bgs.ac.uk/mineralsUK/statistics/wms.cfc?method=listResults&dataType=Production&commodity=3&dateFrom=2015&dateTo=2022&country=&agreeToTsAndCs=agreed
TJ,100.8,2019,https://www2.bgs.ac.uk/mineralsUK/statistics/wms.cfc?method=listResults&dataType=Production&commodity=3&dateFrom=2015&dateTo=2022&country=&agreeToTsAndCs=agreed
TR,78.1,2019,https://www2.bgs.ac.uk/mineralsUK/statistics/wms.cfc?method=listResults&dataType=Production&commodity=3&dateFrom=2015&dateTo=2022&country=&agreeToTsAndCs=agreed
US,1126.032,2019,https://www2.bgs.ac.uk/mineralsUK/statistics/wms.cfc?method=listResults&dataType=Production&commodity=3&dateFrom=2015&dateTo=2022&country=&agreeToTsAndCs=agreed
AE,2600.0,2019,https://www2.bgs.ac.uk/mineralsUK/statistics/wms.cfc?method=listResults&dataType=Production&commodity=3&dateFrom=2015&dateTo=2022&country=&agreeToTsAndCs=agreed
GB,39.4,2019,https://www2.bgs.ac.uk/mineralsUK/statistics/wms.cfc?method=listResults&dataType=Production&commodity=3&dateFrom=2015&dateTo=2022&country=&agreeToTsAndCs=agreed
VE,10.0,2019,https://www2.bgs.ac.uk/mineralsUK/statistics/wms.cfc?method=listResults&dataType=Production&commodity=3&dateFrom=2015&dateTo=2022&country=&agreeToTsAndCs=agreed
AR,309.804,2020,https://www2.bgs.ac.uk/mineralsUK/statistics/wms.cfc?method=listResults&dataType=Production&commodity=3&dateFrom=2015&dateTo=2022&country=&agreeToTsAndCs=agreed
AU,1582.947,2020,https://www2.bgs.ac.uk/mineralsUK/statistics/wms.cfc?method=listResults&dataType=Production&commodity=3&dateFrom=2015&dateTo=2022&country=&agreeToTsAndCs=agreed
AZ,31.492,2020,https://www2.bgs.ac.uk/mineralsUK/statistics/wms.cfc?method=listResults&dataType=Production&commodity=3&dateFrom=2015&dateTo=2022&country=&agreeToTsAndCs=agreed
BH,1548.0,2020,https://www2.bgs.ac.uk/mineralsUK/statistics/wms.cfc?method=listResults&dataType=Production&commodity=3&dateFrom=2015&dateTo=2022&country=&agreeToTsAndCs=agreed
BA,17.858,2020,https://www2.bgs.ac.uk/mineralsUK/statistics/wms.cfc?method=listResults&dataType=Production&commodity=3&dateFrom=2015&dateTo=2022&country=&agreeToTsAndCs=agreed
BR,685.1,2020,https://www2.bgs.ac.uk/mineralsUK/statistics/wms.cfc?method=listResults&dataType=Production&commodity=3&dateFrom=2015&dateTo=2022&country=&agreeToTsAndCs=agreed
CM,61.7,2020,https://www2.bgs.ac.uk/mineralsUK/statistics/wms.cfc?method=listResults&dataType=Production&commodity=3&dateFrom=2015&dateTo=2022&country=&agreeToTsAndCs=agreed
CA,3154.493,2020,https://www2.bgs.ac.uk/mineralsUK/statistics/wms.cfc?method=listResults&dataType=Production&commodity=3&dateFrom=2015&dateTo=2022&country=&agreeToTsAndCs=agreed
CN,37080.401,2020,https://www2.bgs.ac.uk/mineralsUK/statistics/wms.cfc?method=listResults&dataType=Production&commodity=3&dateFrom=2015&dateTo=2022&country=&agreeToTsAndCs=agreed
EG,268.0,2020,https://www2.bgs.ac.uk/mineralsUK/statistics/wms.cfc?method=listResults&dataType=Production&commodity=3&dateFrom=2015&dateTo=2022&country=&agreeToTsAndCs=agreed
FR,417.0,2020,https://www2.bgs.ac.uk/mineralsUK/statistics/wms.cfc?method=listResults&dataType=Production&commodity=3&dateFrom=2015&dateTo=2022&country=&agreeToTsAndCs=agreed
DE,529.056,2020,https://www2.bgs.ac.uk/mineralsUK/statistics/wms.cfc?method=listResults&dataType=Production&commodity=3&dateFrom=2015&dateTo=2022&country=&agreeToTsAndCs=agreed
GH,37.566,2020,https://www2.bgs.ac.uk/mineralsUK/statistics/wms.cfc?method=listResults&dataType=Production&commodity=3&dateFrom=2015&dateTo=2022&country=&agreeToTsAndCs=agreed
GR,189.036,2020,https://www2.bgs.ac.uk/mineralsUK/statistics/wms.cfc?method=listResults&dataType=Production&commodity=3&dateFrom=2015&dateTo=2022&country=&agreeToTsAndCs=agreed
IS,728.104,2020,https://www2.bgs.ac.uk/mineralsUK/statistics/wms.cfc?method=listResults&dataType=Production&commodity=3&dateFrom=2015&dateTo=2022&country=&agreeToTsAndCs=agreed
IN,3619.237,2020,https://www2.bgs.ac.uk/mineralsUK/statistics/wms.cfc?method=listResults&dataType=Production&commodity=3&dateFrom=2015&dateTo=2022&country=&agreeToTsAndCs=agreed
ID,220.1,2020,https://www2.bgs.ac.uk/mineralsUK/statistics/wms.cfc?method=listResults&dataType=Production&commodity=3&dateFrom=2015&dateTo=2022&country=&agreeToTsAndCs=agreed
IR,446.836,2020,https://www2.bgs.ac.uk/mineralsUK/statistics/wms.cfc?method=listResults&dataType=Production&commodity=3&dateFrom=2015&dateTo=2022&country=&agreeToTsAndCs=agreed
KZ,265.0,2020,https://www2.bgs.ac.uk/mineralsUK/statistics/wms.cfc?method=listResults&dataType=Production&commodity=3&dateFrom=2015&dateTo=2022&country=&agreeToTsAndCs=agreed
MY,800.0,2020,https://www2.bgs.ac.uk/mineralsUK/statistics/wms.cfc?method=listResults&dataType=Production&commodity=3&dateFrom=2015&dateTo=2022&country=&agreeToTsAndCs=agreed
ME,37.208,2020,https://www2.bgs.ac.uk/mineralsUK/statistics/wms.cfc?method=listResults&dataType=Production&commodity=3&dateFrom=2015&dateTo=2022&country=&agreeToTsAndCs=agreed
MZ,569.002,2020,https://www2.bgs.ac.uk/mineralsUK/statistics/wms.cfc?method=listResults&dataType=Production&commodity=3&dateFrom=2015&dateTo=2022&country=&agreeToTsAndCs=agreed
NL,70.6,2020,https://www2.bgs.ac.uk/mineralsUK/statistics/wms.cfc?method=listResults&dataType=Production&commodity=3&dateFrom=2015&dateTo=2022&country=&agreeToTsAndCs=agreed
NZ,335.405,2020,https://www2.bgs.ac.uk/mineralsUK/statistics/wms.cfc?method=listResults&dataType=Production&commodity=3&dateFrom=2015&dateTo=2022&country=&agreeToTsAndCs=agreed
NO,1330.0,2020,https://www2.bgs.ac.uk/mineralsUK/statistics/wms.cfc?method=listResults&dataType=Production&commodity=3&dateFrom=2015&dateTo=2022&country=&agreeToTsAndCs=agreed
OM,397.0,2020,https://www2.bgs.ac.uk/mineralsUK/statistics/wms.cfc?method=listResults&dataType=Production&commodity=3&dateFrom=2015&dateTo=2022&country=&agreeToTsAndCs=agreed
QA,655.0,2020,https://www2.bgs.ac.uk/mineralsUK/statistics/wms.cfc?method=listResults&dataType=Production&commodity=3&dateFrom=2015&dateTo=2022&country=&agreeToTsAndCs=agreed
RO,271.307,2020,https://www2.bgs.ac.uk/mineralsUK/statistics/wms.cfc?method=listResults&dataType=Production&commodity=3&dateFrom=2015&dateTo=2022&country=&agreeToTsAndCs=agreed
RU,3638.0,2020,https://www2.bgs.ac.uk/mineralsUK/statistics/wms.cfc?method=listResults&dataType=Production&commodity=3&dateFrom=2015&dateTo=2022&country=&agreeToTsAndCs=agreed
SA,1010.563,2020,https://www2.bgs.ac.uk/mineralsUK/statistics/wms.cfc?method=listResults&dataType=Production&commodity=3&dateFrom=2015&dateTo=2022&country=&agreeToTsAndCs=agreed
SK,151.875,2020,https://www2.bgs.ac.uk/mineralsUK/statistics/wms.cfc?method=listResults&dataType=Production&commodity=3&dateFrom=2015&dateTo=2022&country=&agreeToTsAndCs=agreed
SI,50.185,2020,https://www2.bgs.ac.uk/mineralsUK/statistics/wms.cfc?method=listResults&dataType=Production&commodity=3&dateFrom=2015&dateTo=2022&country=&agreeToTsAndCs=agreed
ZA,717.0,2020,https://www2.bgs.ac.uk/mineralsUK/statistics/wms.cfc?method=listResults&dataType=Production&commodity=3&dateFrom=2015&dateTo=2022&country=&agreeToTsAndCs=agreed
ES,200.0,2020,https://www2.bgs.ac.uk/mineralsUK/statistics/wms.cfc?method=listResults&dataType=Production&commodity=3&dateFrom=2015&dateTo=2022&country=&agreeToTsAndCs=agreed
SE,117.0,2020,https://www2.bgs.ac.uk/mineralsUK/statistics/wms.cfc?method=listResults&dataType=Production&commodity=3&dateFrom=2015&dateTo=2022&country=&agreeToTsAndCs=agreed
TJ,84.0,2020,https://www2.bgs.ac.uk/mineralsUK/statistics/wms.cfc?method=listResults&dataType=Production&commodity=3&dateFrom=2015&dateTo=2022&country=&agreeToTsAndCs=agreed
TR,79.9,2020,https://www2.bgs.ac.uk/mineralsUK/statistics/wms.cfc?method=listResults&dataType=Production&commodity=3&dateFrom=2015&dateTo=2022&country=&agreeToTsAndCs=agreed
US,1026.617,2020,https://www2.bgs.ac.uk/mineralsUK/statistics/wms.cfc?method=listResults&dataType=Production&commodity=3&dateFrom=2015&dateTo=2022&country=&agreeToTsAndCs=agreed
AE,2520.0,2020,https://www2.bgs.ac.uk/mineralsUK/statistics/wms.cfc?method=listResults&dataType=Production&commodity=3&dateFrom=2015&dateTo=2022&country=&agreeToTsAndCs=agreed
GB,35.7,2020,https://www2.bgs.ac.uk/mineralsUK/statistics/wms.cfc?method=listResults&dataType=Production&commodity=3&dateFrom=2015&dateTo=2022&country=&agreeToTsAndCs=agreed
VE,10.0,2020,https://www2.bgs.ac.uk/mineralsUK/statistics/wms.cfc?method=listResults&dataType=Production&commodity=3&dateFrom=2015&dateTo=2022&country=&agreeToTsAndCs=agreed
AR,338.239,2021,https://www2.bgs.ac.uk/mineralsUK/statistics/wms.cfc?method=listResults&dataType=Production&commodity=3&dateFrom=2015&dateTo=2022&country=&agreeToTsAndCs=agreed
AU,1558.529,2021,https://www2.bgs.ac.uk/mineralsUK/statistics/wms.cfc?method=listResults&dataType=Production&commodity=3&dateFrom=2015&dateTo=2022&country=&agreeToTsAndCs=agreed
AZ,24.9,2021,https://www2.bgs.ac.uk/mineralsUK/statistics/wms.cfc?method=listResults&dataType=Production&commodity=3&dateFrom=2015&dateTo=2022&country=&agreeToTsAndCs=agreed
BH,1561.222,2021,https://www2.bgs.ac.uk/mineralsUK/statistics/wms.cfc?method=listResults&dataType=Production&commodity=3&dateFrom=2015&dateTo=2022&country=&agreeToTsAndCs=agreed
BA,36.343,2021,https://www2.bgs.ac.uk/mineralsUK/statistics/wms.cfc?method=listResults&dataType=Production&commodity=3&dateFrom=2015&dateTo=2022&country=&agreeToTsAndCs=agreed
BR,771.7,2021,https://www2.bgs.ac.uk/mineralsUK/statistics/wms.cfc?method=listResults&dataType=Production&commodity=3&dateFrom=2015&dateTo=2022&country=&agreeToTsAndCs=agreed
CM,47.3,2021,https://www2.bgs.ac.uk/mineralsUK/statistics/wms.cfc?method=listResults&dataType=Production&commodity=3&dateFrom=2015&dateTo=2022&country=&agreeToTsAndCs=agreed
CA,3157.762,2021,https://www2.bgs.ac.uk/mineralsUK/statistics/wms.cfc?method=listResults&dataType=Production&commodity=3&dateFrom=2015&dateTo=2022&country=&agreeToTsAndCs=agreed
CN,38502.6,2021,https://www2.bgs.ac.uk/mineralsUK/statistics/wms.cfc?method=listResults&dataType=Production&commodity=3&dateFrom=2015&dateTo=2022&country=&agreeToTsAndCs=agreed
EG,260.0,2021,https://www2.bgs.ac.uk/mineralsUK/statistics/wms.cfc?method=listResults&dataType=Production&commodity=3&dateFrom=2015&dateTo=2022&country=&agreeToTsAndCs=agreed
FR,438.9,2021,https://www2.bgs.ac.uk/mineralsUK/statistics/wms.cfc?method=listResults&dataType=Production&commodity=3&dateFrom=2015&dateTo=2022&country=&agreeToTsAndCs=agreed
DE,509.0,2021,https://www2.bgs.ac.uk/mineralsUK/statistics/wms.cfc?method=listResults&dataType=Production&commodity=3&dateFrom=2015&dateTo=2022&country=&agreeToTsAndCs=agreed
GH,39.239,2021,https://www2.bgs.ac.uk/mineralsUK/statistics/wms.cfc?method=listResults&dataType=Production&commodity=3&dateFrom=2015&dateTo=2022&country=&agreeToTsAndCs=agreed
GR,183.775,2021,https://www2.bgs.ac.uk/mineralsUK/statistics/wms.cfc?method=listResults&dataType=Production&commodity=3&dateFrom=2015&dateTo=2022&country=&agreeToTsAndCs=agreed
IS,729.813,2021,https://www2.bgs.ac.uk/mineralsUK/statistics/wms.cfc?method=listResults&dataType=Production&commodity=3&dateFrom=2015&dateTo=2022&country=&agreeToTsAndCs=agreed
IN,4016.621,2021,https://www2.bgs.ac.uk/mineralsUK/statistics/wms.cfc?method=listResults&dataType=Production&commodity=3&dateFrom=2015&dateTo=2022&country=&agreeToTsAndCs=agreed
ID,200.6,2021,https://www2.bgs.ac.uk/mineralsUK/statistics/wms.cfc?method=listResults&dataType=Production&commodity=3&dateFrom=2015&dateTo=2022&country=&agreeToTsAndCs=agreed
IR,562.649,2021,https://www2.bgs.ac.uk/mineralsUK/statistics/wms.cfc?method=listResults&dataType=Production&commodity=3&dateFrom=2015&dateTo=2022&country=&agreeToTsAndCs=agreed
KZ,262.5,2021,https://www2.bgs.ac.uk/mineralsUK/statistics/wms.cfc?method=listResults&dataType=Production&commodity=3&dateFrom=2015&dateTo=2022&country=&agreeToTsAndCs=agreed
MY,901.0,2021,https://www2.bgs.ac.uk/mineralsUK/statistics/wms.cfc?method=listResults&dataType=Production&commodity=3&dateFrom=2015&dateTo=2022&country=&agreeToTsAndCs=agreed
ME,45.214,2021,https://www2.bgs.ac.uk/mineralsUK/statistics/wms.cfc?method=listResults&dataType=Production&commodity=3&dateFrom=2015&dateTo=2022&country=&agreeToTsAndCs=agreed
MZ,562.633,2021,https://www2.bgs.ac.uk/mineralsUK/statistics/wms.cfc?method=listResults&dataType=Production&commodity=3&dateFrom=2015&dateTo=2022&country=&agreeToTsAndCs=agreed
NL,46.7,2021,https://www2.bgs.ac.uk/mineralsUK/statistics/wms.cfc?method=listResults&dataType=Production&commodity=3&dateFrom=2015&dateTo=2022&country=&agreeToTsAndCs=agreed
NZ,333.115,2021,https://www2.bgs.ac.uk/mineralsUK/statistics/wms.cfc?method=listResults&dataType=Production&commodity=3&dateFrom=2015&dateTo=2022&country=&agreeToTsAndCs=agreed
NO,1419.0,2021,https://www2.bgs.ac.uk/mineralsUK/statistics/wms.cfc?method=listResults&dataType=Production&commodity=3&dateFrom=2015&dateTo=2022&country=&agreeToTsAndCs=agreed
OM,395.0,2021,https://www2.bgs.ac.uk/mineralsUK/statistics/wms.cfc?method=listResults&dataType=Production&commodity=3&dateFrom=2015&dateTo=2022&country=&agreeToTsAndCs=agreed
QA,662.0,2021,https://www2.bgs.ac.uk/mineralsUK/statistics/wms.cfc?method=listResults&dataType=Production&commodity=3&dateFrom=2015&dateTo=2022&country=&agreeToTsAndCs=agreed
RO,293.399,2021,https://www2.bgs.ac.uk/mineralsUK/statistics/wms.cfc?method=listResults&dataType=Production&commodity=3&dateFrom=2015&dateTo=2022&country=&agreeToTsAndCs=agreed
RU,3640.0,2021,https://www2.bgs.ac.uk/mineralsUK/statistics/wms.cfc?method=listResults&dataType=Production&commodity=3&dateFrom=2015&dateTo=2022&country=&agreeToTsAndCs=agreed
SA,998.0,2021,https://www2.bgs.ac.uk/mineralsUK/statistics/wms.cfc?method=listResults&dataType=Production&commodity=3&dateFrom=2015&dateTo=2022&country=&agreeToTsAndCs=agreed
SK,163.995,2021,https://www2.bgs.ac.uk/mineralsUK/statistics/wms.cfc?method=listResults&dataType=Production&commodity=3&dateFrom=2015&dateTo=2022&country=&agreeToTsAndCs=agreed
SI,37.867,2021,https://www2.bgs.ac.uk/mineralsUK/statistics/wms.cfc?method=listResults&dataType=Production&commodity=3&dateFrom=2015&dateTo=2022&country=&agreeToTsAndCs=agreed
ZA,714.0,2021,https://www2.bgs.ac.uk/mineralsUK/statistics/wms.cfc?method=listResults&dataType=Production&commodity=3&dateFrom=2015&dateTo=2022&country=&agreeToTsAndCs=agreed
ES,190.0,2021,https://www2.bgs.ac.uk/mineralsUK/statistics/wms.cfc?method=listResults&dataType=Production&commodity=3&dateFrom=2015&dateTo=2022&country=&agreeToTsAndCs=agreed
SE,124.0,2021,https://www2.bgs.ac.uk/mineralsUK/statistics/wms.cfc?method=listResults&dataType=Production&commodity=3&dateFrom=2015&dateTo=2022&country=&agreeToTsAndCs=agreed
TJ,61.0,2021,https://www2.bgs.ac.uk/mineralsUK/statistics/wms.cfc?method=listResults&dataType=Production&commodity=3&dateFrom=2015&dateTo=2022&country=&agreeToTsAndCs=agreed
TR,79.2,2021,https://www2.bgs.ac.uk/mineralsUK/statistics/wms.cfc?method=listResults&dataType=Production&commodity=3&dateFrom=2015&dateTo=2022&country=&agreeToTsAndCs=agreed
US,907.846,2021,https://www2.bgs.ac.uk/mineralsUK/statistics/wms.cfc?method=listResults&dataType=Production&commodity=3&dateFrom=2015&dateTo=2022&country=&agreeToTsAndCs=agreed
AE,2540.0,2021,https://www2.bgs.ac.uk/mineralsUK/statistics/wms.cfc?method=listResults&dataType=Production&commodity=3&dateFrom=2015&dateTo=2022&country=&agreeToTsAndCs=agreed
GB,37.571,2021,https://www2.bgs.ac.uk/mineralsUK/statistics/wms.cfc?method=listResults&dataType=Production&commodity=3&dateFrom=2015&dateTo=2022&country=&agreeToTsAndCs=agreed
VE,38.3,2021,https://www2.bgs.ac.uk/mineralsUK/statistics/wms.cfc?method=listResults&dataType=Production&commodity=3&dateFrom=2015&dateTo=2022&country=&agreeToTsAndCs=agreed
AR,400.038,2022,https://www2.bgs.ac.uk/mineralsUK/statistics/wms.cfc?method=listResults&dataType=Production&commodity=3&dateFrom=2015&dateTo=2022&country=&agreeToTsAndCs=agreed
AU,1494.598,2022,https://www2.bgs.ac.uk/mineralsUK/statistics/wms.cfc?method=listResults&dataType=Production&commodity=3&dateFrom=2015&dateTo=2022&country=&agreeToTsAndCs=agreed
AZ,33.529,2022,https://www2.bgs.ac.uk/mineralsUK/statistics/wms.cfc?method=listResults&dataType=Production&commodity=3&dateFrom=2015&dateTo=2022&country=&agreeToTsAndCs=agreed
BH,1600.111,2022,https://www2.bgs.ac.uk/mineralsUK/statistics/wms.cfc?method=listResults&dataType=Production&commodity=3&dateFrom=2015&dateTo=2022&country=&agreeToTsAndCs=agreed
BA,37.8,2022,https://www2.bgs.ac.uk/mineralsUK/statistics/wms.cfc?method=listResults&dataType=Production&commodity=3&dateFrom=2015&dateTo=2022&country=&agreeToTsAndCs=agreed
BR,810.9,2022,https://www2.bgs.ac.uk/mineralsUK/statistics/wms.cfc?method=listResults&dataType=Production&commodity=3&dateFrom=2015&dateTo=2022&country=&agreeToTsAndCs=agreed
CM,62.8,2022,https://www2.bgs.ac.uk/mineralsUK/statistics/wms.cfc?method=listResults&dataType=Production&commodity=3&dateFrom=2015&dateTo=2022&country=&agreeToTsAndCs=agreed
CA,3026.236,2022,https://www2.bgs.ac.uk/mineralsUK/statistics/wms.cfc?method=listResults&dataType=Production&commodity=3&dateFrom=2015&dateTo=2022&country=&agreeToTsAndCs=agreed
CN,40214.0,2022,https://www2.bgs.ac.uk/mineralsUK/statistics/wms.cfc?method=listResults&dataType=Production&commodity=3&dateFrom=2015&dateTo=2022&country=&agreeToTsAndCs=agreed
EG,260.0,2022,https://www2.bgs.ac.uk/mineralsUK/statistics/wms.cfc?method=listResults&dataType=Production&commodity=3&dateFrom=2015&dateTo=2022&country=&agreeToTsAndCs=agreed
FR,410.0,2022,https://www2.bgs.ac.uk/mineralsUK/statistics/wms.cfc?method=listResults&dataType=Production&commodity=3&dateFrom=2015&dateTo=2022&country=&agreeToTsAndCs=agreed
DE,341.0,2022,https://www2.bgs.ac.uk/mineralsUK/statistics/wms.cfc?method=listResults&dataType=Production&commodity=3&dateFrom=2015&dateTo=2022&country=&agreeToTsAndCs=agreed
GH,55.592,2022,https://www2.bgs.ac.uk/mineralsUK/statistics/wms.cfc?method=listResults&dataType=Production&commodity=3&dateFrom=2015&dateTo=2022&country=&agreeToTsAndCs=agreed
GR,187.1,2022,https://www2.bgs.ac.uk/mineralsUK/statistics/wms.cfc?method=listResults&dataType=Production&commodity=3&dateFrom=2015&dateTo=2022&country=&agreeToTsAndCs=agreed
IS,756.012,2022,https://www2.bgs.ac.uk/mineralsUK/statistics/wms.cfc?method=listResults&dataType=Production&commodity=3&dateFrom=2015&dateTo=2022&country=&agreeToTsAndCs=agreed
IN,2322.27,2022,https://www2.bgs.ac.uk/mineralsUK/statistics/wms.cfc?method=listResults&dataType=Production&commodity=3&dateFrom=2015&dateTo=2022&country=&agreeToTsAndCs=agreed
ID,223.8,2022,https://www2.bgs.ac.uk/mineralsUK/statistics/wms.cfc?method=listResults&dataType=Production&commodity=3&dateFrom=2015&dateTo=2022&country=&agreeToTsAndCs=agreed
IR,632.166,2022,https://www2.bgs.ac.uk/mineralsUK/statistics/wms.cfc?method=listResults&dataType=Production&commodity=3&dateFrom=2015&dateTo=2022&country=&agreeToTsAndCs=agreed
KZ,258.5,2022,https://www2.bgs.ac.uk/mineralsUK/statistics/wms.cfc?method=listResults&dataType=Production&commodity=3&dateFrom=2015&dateTo=2022&country=&agreeToTsAndCs=agreed
MY,928.0,2022,https://www2.bgs.ac.uk/mineralsUK/statistics/wms.cfc?method=listResults&dataType=Production&commodity=3&dateFrom=2015&dateTo=2022&country=&agreeToTsAndCs=agreed
ME,43.196,2022,https://www2.bgs.ac.uk/mineralsUK/statistics/wms.cfc?method=listResults&dataType=Production&commodity=3&dateFrom=2015&dateTo=2022&country=&agreeToTsAndCs=agreed
MZ,576.22,2022,https://www2.bgs.ac.uk/mineralsUK/statistics/wms.cfc?method=listResults&dataType=Production&commodity=3&dateFrom=2015&dateTo=2022&country=&agreeToTsAndCs=agreed
NL,45.0,2022,https://www2.bgs.ac.uk/mineralsUK/statistics/wms.cfc?method=listResults&dataType=Production&commodity=3&dateFrom=2015&dateTo=2022&country=&agreeToTsAndCs=agreed
NZ,333.689,2022,https://www2.bgs.ac.uk/mineralsUK/statistics/wms.cfc?method=listResults&dataType=Production&commodity=3&dateFrom=2015&dateTo=2022&country=&agreeToTsAndCs=agreed
NO,1393.0,2022,https://www2.bgs.ac.uk/mineralsUK/statistics/wms.cfc?method=listResults&dataType=Production&commodity=3&dateFrom=2015&dateTo=2022&country=&agreeToTsAndCs=agreed
OM,394.8,2022,https://www2.bgs.ac.uk/mineralsUK/statistics/wms.cfc?method=listResults&dataType=Production&commodity=3&dateFrom=2015&dateTo=2022&country=&agreeToTsAndCs=agreed
QA,638.0,2022,https://www2.bgs.ac.uk/mineralsUK/statistics/wms.cfc?method=listResults&dataType=Production&commodity=3&dateFrom=2015&dateTo=2022&country=&agreeToTsAndCs=agreed
RO,191.454,2022,https://www2.bgs.ac.uk/mineralsUK/statistics/wms.cfc?method=listResults&dataType=Production&commodity=3&dateFrom=2015&dateTo=2022&country=&agreeToTsAndCs=agreed
RU,4014.0,2022,https://www2.bgs.ac.uk/mineralsUK/statistics/wms.cfc?method=listResults&dataType=Production&commodity=3&dateFrom=2015&dateTo=2022&country=&agreeToTsAndCs=agreed
SA,776.4,2022,https://www2.bgs.ac.uk/mineralsUK/statistics/wms.cfc?method=listResults&dataType=Production&commodity=3&dateFrom=2015&dateTo=2022&country=&agreeToTsAndCs=agreed
SK,71.933,2022,https://www2.bgs.ac.uk/mineralsUK/statistics/wms.cfc?method=listResults&dataType=Production&commodity=3&dateFrom=2015&dateTo=2022&country=&agreeToTsAndCs=agreed
SI,19.211,2022,https://www2.bgs.ac.uk/mineralsUK/statistics/wms.cfc?method=listResults&dataType=Production&commodity=3&dateFrom=2015&dateTo=2022&country=&agreeToTsAndCs=agreed
ZA,718.0,2022,https://www2.bgs.ac.uk/mineralsUK/statistics/wms.cfc?method=listResults&dataType=Production&commodity=3&dateFrom=2015&dateTo=2022&country=&agreeToTsAndCs=agreed
ES,0.0,2022,https://www2.bgs.ac.uk/mineralsUK/statistics/wms.cfc?method=listResults&dataType=Production&commodity=3&dateFrom=2015&dateTo=2022&country=&agreeToTsAndCs=agreed
SE,120.0,2022,https://www2.bgs.ac.uk/mineralsUK/statistics/wms.cfc?method=listResults&dataType=Production&commodity=3&dateFrom=2015&dateTo=2022&country=&agreeToTsAndCs=agreed
TJ,62.0,2022,https://www2.bgs.ac.uk/mineralsUK/statistics/wms.cfc?method=listResults&dataType=Production&commodity=3&dateFrom=2015&dateTo=2022&country=&agreeToTsAndCs=agreed
TR,82.0,2022,https://www2.bgs.ac.uk/mineralsUK/statistics/wms.cfc?method=listResults&dataType=Production&commodity=3&dateFrom=2015&dateTo=2022&country=&agreeToTsAndCs=agreed
US,872.3,2022,https://www2.bgs.ac.uk/mineralsUK/statistics/wms.cfc?method=listResults&dataType=Production&commodity=3&dateFrom=2015&dateTo=2022&country=&agreeToTsAndCs=agreed
AE,2720.0,2022,https://www2.bgs.ac.uk/mineralsUK/statistics/wms.cfc?method=listResults&dataType=Production&commodity=3&dateFrom=2015&dateTo=2022&country=&agreeToTsAndCs=agreed
GB,31.337,2022,https://www2.bgs.ac.uk/mineralsUK/statistics/wms.cfc?method=listResults&dataType=Production&commodity=3&dateFrom=2015&dateTo=2022&country=&agreeToTsAndCs=agreed
VE,8.4,2022,https://www2.bgs.ac.uk/mineralsUK/statistics/wms.cfc?method=listResults&dataType=Production&commodity=3&dateFrom=2015&dateTo=2022&country=&agreeToTsAndCs=agreed
